{"loss": [1.3616435527801514, 0.4453733563423157, 0.26001599431037903, 0.18059316277503967, 0.13274645805358887, 0.10698331147432327, 0.08454008400440216, 0.07203051447868347, 0.06242174282670021, 0.053320929408073425], "accuracy": [0.597353994846344, 0.8574151992797852, 0.9157266020774841, 0.9405078887939453, 0.9564406871795654, 0.9648908376693726, 0.9719467759132385, 0.9759015440940857, 0.9800981283187866, 0.9824454188346863], "val_loss": [0.5573819875717163, 0.29681655764579773, 0.18368713557720184, 0.17034971714019775, 0.16999082267284393, 0.14013133943080902, 0.11408224701881409, 0.18666155636310577, 0.13113225996494293, 0.13718414306640625], "val_accuracy": [0.8223309516906738, 0.9051331877708435, 0.9415547251701355, 0.9484407305717468, 0.9470179677009583, 0.9561233520507812, 0.963862955570221, 0.9442863464355469, 0.9606191515922546, 0.9610744118690491]}